{"cameraMode":{"drawMode":0,"name":"Shaded","section":"Shading Mode"},"sceneLighting":true,"audioPlay":false,"sceneViewState":{"m_AlwaysRefresh":false,"showFog":true,"showSkybox":true,"showFlares":true,"showImageEffects":true,"showParticleSystems":true,"showVisualEffectGraphs":true,"m_FxEnabled":true},"in2DMode":false,"pivot":{"x":138.559814453125,"y":475.0577392578125,"z":-292.8637390136719},"rotation":{"x":0.04437243938446045,"y":-0.02247600071132183,"z":0.0009985348442569376,"w":0.9987618327140808},"size":70.71068572998047,"orthographic":false}